W,L,W/L%,GB,PS/G,PA/G,SRS,Year,Name,Abbreviation
56,26,0.683,0.0,111.5,105.7,5.22,1991,Boston Celtics,BOS
44,38,0.537,12.0,105.4,105.6,-0.39,1991,Philadelphia 76ers,PHI
39,43,0.476,17.0,103.1,103.3,-0.43,1991,New York Knicks,NYK
30,52,0.366,26.0,101.4,106.4,-4.84,1991,Washington Bullets,WSB
26,56,0.317,30.0,102.9,107.5,-4.53,1991,New Jersey Nets,NJN
24,58,0.293,32.0,101.8,107.8,-5.91,1991,Miami Heat,MIA
61,21,0.744,0.0,110,101,8.57,1991,Chicago Bulls,CHI
50,32,0.61,11.0,100.1,96.8,3.08,1991,Detroit Pistons,DET
48,34,0.585,13.0,106.4,104,2.33,1991,Milwaukee Bucks,MIL
43,39,0.524,18.0,109.8,109,0.72,1991,Atlanta Hawks,ATL
41,41,0.5,20.0,111.7,112.1,-0.37,1991,Indiana Pacers,IND
33,49,0.402,28.0,101.7,104.2,-2.33,1991,Cleveland Cavaliers,CLE
26,56,0.317,35.0,102.8,108,-4.95,1991,Charlotte Hornets,CHH
26,56,0.317,35.0,102.8,108,-4.95,1991,Charlotte Hornets,CHO
55,27,0.671,0.0,107.1,102.6,4.3,1991,San Antonio Spurs,SAS
54,28,0.659,1.0,104,100.7,3.18,1991,Utah Jazz,UTA
52,30,0.634,3.0,106.7,103.2,3.27,1991,Houston Rockets,HOU
31,51,0.378,24.0,105.9,109.9,-3.79,1991,Orlando Magic,ORL
29,53,0.354,26.0,99.6,103.5,-3.75,1991,Minnesota Timberwolves,MIN
28,54,0.341,27.0,99.9,104.5,-4.27,1991,Dallas Mavericks,DAL
20,62,0.244,35.0,119.9,130.8,-10.31,1991,Denver Nuggets,DEN
63,19,0.768,0.0,114.7,106,8.47,1991,Portland Trail Blazers,POR
58,24,0.707,5.0,106.3,99.6,6.73,1991,Los Angeles Lakers,LAL
55,27,0.671,8.0,114,107.5,6.49,1991,Phoenix Suns,PHX
55,27,0.671,8.0,114,107.5,6.49,1991,Phoenix Suns,PHO
44,38,0.537,19.0,116.6,115,1.72,1991,Golden State Warriors,GSW
41,41,0.5,22.0,106.6,105.4,1.31,1991,Seattle SuperSonics,SEA
31,51,0.378,32.0,103.5,107,-3.16,1991,Los Angeles Clippers,LAC
25,57,0.305,38.0,96.7,103.5,-6.27,1991,Sacramento Kings,SAC
51,31,0.622,0.0,106.6,103,3.41,1992,Boston Celtics,BOS
51,31,0.622,0.0,101.6,97.7,3.67,1992,New York Knicks,NYK
40,42,0.488,11.0,105.4,107.1,-1.54,1992,New Jersey Nets,NJN
38,44,0.463,13.0,105,109.2,-3.94,1992,Miami Heat,MIA
35,47,0.427,16.0,101.9,103.2,-1.34,1992,Philadelphia 76ers,PHI
25,57,0.305,26.0,102.4,106.8,-4.35,1992,Washington Bullets,WSB
21,61,0.256,30.0,101.6,108.5,-6.52,1992,Orlando Magic,ORL
67,15,0.817,0.0,109.9,99.5,10.07,1992,Chicago Bulls,CHI
57,25,0.695,10.0,108.9,103.4,5.34,1992,Cleveland Cavaliers,CLE
48,34,0.585,19.0,98.9,96.9,2.06,1992,Detroit Pistons,DET
40,42,0.488,27.0,112.2,110.3,1.85,1992,Indiana Pacers,IND
38,44,0.463,29.0,106.2,107.7,-1.15,1992,Atlanta Hawks,ATL
31,51,0.378,36.0,105,106.7,-1.46,1992,Milwaukee Bucks,MIL
31,51,0.378,36.0,109.5,113.4,-3.57,1992,Charlotte Hornets,CHH
31,51,0.378,36.0,109.5,113.4,-3.57,1992,Charlotte Hornets,CHO
55,27,0.671,0.0,108.3,101.9,5.7,1992,Utah Jazz,UTA
47,35,0.573,8.0,104,100.6,2.81,1992,San Antonio Spurs,SAS
42,40,0.512,13.0,102,103.7,-1.94,1992,Houston Rockets,HOU
24,58,0.293,31.0,99.7,107.6,-7.59,1992,Denver Nuggets,DEN
22,60,0.268,33.0,97.6,105.3,-7.47,1992,Dallas Mavericks,DAL
15,67,0.183,40.0,100.5,107.5,-6.85,1992,Minnesota Timberwolves,MIN
57,25,0.695,0.0,111.4,104.1,6.94,1992,Portland Trail Blazers,POR
55,27,0.671,2.0,118.7,114.8,3.77,1992,Golden State Warriors,GSW
53,29,0.646,4.0,112.1,106.2,5.68,1992,Phoenix Suns,PHX
53,29,0.646,4.0,112.1,106.2,5.68,1992,Phoenix Suns,PHO
47,35,0.573,10.0,106.5,104.7,1.86,1992,Seattle SuperSonics,SEA
45,37,0.549,12.0,102.9,101.9,1.1,1992,Los Angeles Clippers,LAC
43,39,0.524,14.0,100.4,101.5,-0.95,1992,Los Angeles Lakers,LAL
29,53,0.354,28.0,104.3,110.3,-5.63,1992,Sacramento Kings,SAC
60,22,0.732,0.0,101.6,95.4,5.87,1993,New York Knicks,NYK
48,34,0.585,12.0,103.7,102.8,0.93,1993,Boston Celtics,BOS
43,39,0.524,17.0,102.8,101.6,1.2,1993,New Jersey Nets,NJN
41,41,0.5,19.0,105.5,104.2,1.35,1993,Orlando Magic,ORL
36,46,0.439,24.0,103.6,104.7,-0.93,1993,Miami Heat,MIA
26,56,0.317,34.0,104.3,110.1,-5.25,1993,Philadelphia 76ers,PHI
22,60,0.268,38.0,101.9,108.9,-6.49,1993,Washington Bullets,WSB
57,25,0.695,0.0,105.2,98.9,6.19,1993,Chicago Bulls,CHI
54,28,0.659,3.0,107.7,101.3,6.3,1993,Cleveland Cavaliers,CLE
44,38,0.537,13.0,110.1,110.4,-0.02,1993,Charlotte Hornets,CHH
44,38,0.537,13.0,110.1,110.4,-0.02,1993,Charlotte Hornets,CHO
43,39,0.524,14.0,107.5,108.4,-0.67,1993,Atlanta Hawks,ATL
41,41,0.5,16.0,107.8,106.1,1.77,1993,Indiana Pacers,IND
40,42,0.488,17.0,100.6,102,-1.1,1993,Detroit Pistons,DET
28,54,0.341,29.0,102.3,106.1,-3.26,1993,Milwaukee Bucks,MIL
55,27,0.671,0.0,104,99.8,3.57,1993,Houston Rockets,HOU
49,33,0.598,6.0,105.5,102.8,2.21,1993,San Antonio Spurs,SAS
47,35,0.573,8.0,106.2,104,1.74,1993,Utah Jazz,UTA
36,46,0.439,19.0,105.2,106.9,-2.14,1993,Denver Nuggets,DEN
19,63,0.232,36.0,98.1,105.9,-7.62,1993,Minnesota Timberwolves,MIN
11,71,0.134,44.0,99.3,114.5,-14.68,1993,Dallas Mavericks,DAL
62,20,0.756,0.0,113.4,106.7,6.27,1993,Phoenix Suns,PHX
62,20,0.756,0.0,113.4,106.7,6.27,1993,Phoenix Suns,PHO
55,27,0.671,7.0,108.3,101.3,6.66,1993,Seattle SuperSonics,SEA
51,31,0.622,11.0,108.5,105.4,2.92,1993,Portland Trail Blazers,POR
41,41,0.5,21.0,107.1,106.8,0.33,1993,Los Angeles Clippers,LAC
39,43,0.476,23.0,104.2,105.5,-1.2,1993,Los Angeles Lakers,LAL
34,48,0.415,28.0,109.9,110.9,-0.94,1993,Golden State Warriors,GSW
25,57,0.305,37.0,107.9,111.1,-3,1993,Sacramento Kings,SAC
57,25,0.695,0.0,98.5,91.5,6.48,1994,New York Knicks,NYK
50,32,0.61,7.0,105.7,101.8,3.68,1994,Orlando Magic,ORL
45,37,0.549,12.0,103.2,101,2.11,1994,New Jersey Nets,NJN
42,40,0.512,15.0,103.4,100.7,2.4,1994,Miami Heat,MIA
32,50,0.39,25.0,100.8,105.1,-4.28,1994,Boston Celtics,BOS
25,57,0.305,32.0,98,105.6,-7.37,1994,Philadelphia 76ers,PHI
24,58,0.293,33.0,100.4,107.7,-7.13,1994,Washington Bullets,WSB
57,25,0.695,0.0,101.4,96.2,4.94,1994,Atlanta Hawks,ATL
55,27,0.671,2.0,98,94.9,2.87,1994,Chicago Bulls,CHI
47,35,0.573,10.0,101,97.5,3.26,1994,Indiana Pacers,IND
47,35,0.573,10.0,101.2,97.1,3.64,1994,Cleveland Cavaliers,CLE
41,41,0.5,16.0,106.5,106.7,-0.23,1994,Charlotte Hornets,CHH
41,41,0.5,16.0,106.5,106.7,-0.23,1994,Charlotte Hornets,CHO
20,62,0.244,37.0,96.9,103.4,-6.24,1994,Milwaukee Bucks,MIL
20,62,0.244,37.0,96.9,104.7,-7.46,1994,Detroit Pistons,DET
58,24,0.707,0.0,101.1,96.8,4.19,1994,Houston Rockets,HOU
55,27,0.671,3.0,100,94.8,5.05,1994,San Antonio Spurs,SAS
53,29,0.646,5.0,101.9,97.7,4.1,1994,Utah Jazz,UTA
42,40,0.512,16.0,100.3,98.8,1.54,1994,Denver Nuggets,DEN
20,62,0.244,38.0,96.7,103.6,-6.55,1994,Minnesota Timberwolves,MIN
13,69,0.159,45.0,95.1,103.8,-8.19,1994,Dallas Mavericks,DAL
63,19,0.768,0.0,105.9,96.9,8.68,1994,Seattle SuperSonics,SEA
56,26,0.683,7.0,108.2,103.4,4.68,1994,Phoenix Suns,PHX
56,26,0.683,7.0,108.2,103.4,4.68,1994,Phoenix Suns,PHO
50,32,0.61,13.0,107.9,106.1,1.76,1994,Golden State Warriors,GSW
47,35,0.573,16.0,107.3,104.6,2.6,1994,Portland Trail Blazers,POR
33,49,0.402,30.0,100.4,104.7,-3.93,1994,Los Angeles Lakers,LAL
28,54,0.341,35.0,101.1,106.9,-5.32,1994,Sacramento Kings,SAC
27,55,0.329,36.0,103,108.7,-5.28,1994,Los Angeles Clippers,LAC
57,25,0.695,0.0,110.9,103.8,6.44,1995,Orlando Magic,ORL
55,27,0.671,2.0,98.2,95.1,2.78,1995,New York Knicks,NYK
35,47,0.427,22.0,102.8,104.7,-1.92,1995,Boston Celtics,BOS
32,50,0.39,25.0,101.1,102.8,-1.85,1995,Miami Heat,MIA
30,52,0.366,27.0,98.1,101.2,-3.28,1995,New Jersey Nets,NJN
24,58,0.293,33.0,95.4,100.4,-5.06,1995,Philadelphia 76ers,PHI
21,61,0.256,36.0,100.5,106.1,-5.56,1995,Washington Bullets,WSB
52,30,0.634,0.0,99.2,95.5,3.35,1995,Indiana Pacers,IND
50,32,0.61,2.0,100.6,97.3,2.87,1995,Charlotte Hornets,CHH
50,32,0.61,2.0,100.6,97.3,2.87,1995,Charlotte Hornets,CHO
47,35,0.573,5.0,101.5,96.7,4.32,1995,Chicago Bulls,CHI
43,39,0.524,9.0,90.5,89.8,0.55,1995,Cleveland Cavaliers,CLE
42,40,0.512,10.0,96.6,95.3,1.06,1995,Atlanta Hawks,ATL
34,48,0.415,18.0,99.3,103.7,-4.3,1995,Milwaukee Bucks,MIL
28,54,0.341,24.0,98.2,105.5,-7.08,1995,Detroit Pistons,DET
62,20,0.756,0.0,106.6,100.6,5.9,1995,San Antonio Spurs,SAS
60,22,0.732,2.0,106.4,98.4,7.76,1995,Utah Jazz,UTA
47,35,0.573,15.0,103.5,101.4,2.32,1995,Houston Rockets,HOU
41,41,0.5,21.0,101.3,100.5,0.96,1995,Denver Nuggets,DEN
36,46,0.439,26.0,103.2,106.1,-2.39,1995,Dallas Mavericks,DAL
21,61,0.256,41.0,94.2,103.2,-8.22,1995,Minnesota Timberwolves,MIN
59,23,0.72,0.0,110.6,106.8,3.86,1995,Phoenix Suns,PHX
59,23,0.72,0.0,110.6,106.8,3.86,1995,Phoenix Suns,PHO
57,25,0.695,2.0,110.4,102.2,7.91,1995,Seattle SuperSonics,SEA
48,34,0.585,11.0,105.1,105.3,-0.01,1995,Los Angeles Lakers,LAL
44,38,0.537,15.0,103.1,99.2,3.8,1995,Portland Trail Blazers,POR
39,43,0.476,20.0,98.2,99.2,-0.74,1995,Sacramento Kings,SAC
26,56,0.317,33.0,105.7,111.1,-4.9,1995,Golden State Warriors,GSW
17,65,0.207,42.0,96.7,105.8,-8.43,1995,Los Angeles Clippers,LAC
60,22,0.732,0.0,104.5,99,5.4,1996,Orlando Magic,ORL
47,35,0.573,13.0,97.2,94.9,2.24,1996,New York Knicks,NYK
42,40,0.512,18.0,96.5,95,1.46,1996,Miami Heat,MIA
39,43,0.476,21.0,102.5,101.5,0.99,1996,Washington Bullets,WSB
33,49,0.402,27.0,103.6,107,-3.37,1996,Boston Celtics,BOS
30,52,0.366,30.0,93.7,97.9,-4.14,1996,New Jersey Nets,NJN
18,64,0.22,42.0,94.5,104.5,-9.45,1996,Philadelphia 76ers,PHI
72,10,0.878,0.0,105.2,92.9,11.8,1996,Chicago Bulls,CHI
52,30,0.634,20.0,99.3,96.1,3.11,1996,Indiana Pacers,IND
47,35,0.573,25.0,91.1,88.5,2.49,1996,Cleveland Cavaliers,CLE
46,36,0.561,26.0,98.3,97.1,1.29,1996,Atlanta Hawks,ATL
46,36,0.561,26.0,95.4,92.9,2.45,1996,Detroit Pistons,DET
41,41,0.5,31.0,102.8,103.4,-0.48,1996,Charlotte Hornets,CHH
41,41,0.5,31.0,102.8,103.4,-0.48,1996,Charlotte Hornets,CHO
25,57,0.305,47.0,95.6,100.9,-4.92,1996,Milwaukee Bucks,MIL
21,61,0.256,51.0,97.5,105,-7.2,1996,Toronto Raptors,TOR
59,23,0.72,0.0,103.4,97.1,5.98,1996,San Antonio Spurs,SAS
55,27,0.671,4.0,102.5,95.9,6.25,1996,Utah Jazz,UTA
48,34,0.585,11.0,102.5,100.7,1.63,1996,Houston Rockets,HOU
35,47,0.427,24.0,97.7,100.4,-2.62,1996,Denver Nuggets,DEN
26,56,0.317,33.0,97.9,103.2,-5.14,1996,Minnesota Timberwolves,MIN
26,56,0.317,33.0,102.5,107.5,-4.71,1996,Dallas Mavericks,DAL
15,67,0.183,44.0,89.8,99.8,-9.55,1996,Vancouver Grizzlies,VAN
64,18,0.78,0.0,104.5,96.7,7.4,1996,Seattle SuperSonics,SEA
53,29,0.646,11.0,102.9,98.5,4.21,1996,Los Angeles Lakers,LAL
44,38,0.537,20.0,99.3,97,2.21,1996,Portland Trail Blazers,POR
41,41,0.5,23.0,104.3,104,0.28,1996,Phoenix Suns,PHX
41,41,0.5,23.0,104.3,104,0.28,1996,Phoenix Suns,PHO
39,43,0.476,25.0,99.5,102.3,-2.62,1996,Sacramento Kings,SAC
36,46,0.439,28.0,101.6,103.1,-1.42,1996,Golden State Warriors,GSW
29,53,0.354,35.0,99.4,103,-3.46,1996,Los Angeles Clippers,LAC
61,21,0.744,0.0,94.8,89.3,5.56,1997,Miami Heat,MIA
57,25,0.695,4.0,95.4,92.2,3.31,1997,New York Knicks,NYK
45,37,0.549,16.0,94.1,94.5,-0.07,1997,Orlando Magic,ORL
44,38,0.537,17.0,99.4,97.7,1.77,1997,Washington Bullets,WSB
26,56,0.317,35.0,97.2,101.8,-3.89,1997,New Jersey Nets,NJN
22,60,0.268,39.0,100.2,106.7,-5.89,1997,Philadelphia 76ers,PHI
15,67,0.183,46.0,100.6,107.9,-6.62,1997,Boston Celtics,BOS
69,13,0.841,0.0,103.1,92.3,10.7,1997,Chicago Bulls,CHI
56,26,0.683,13.0,94.8,89.4,5.52,1997,Atlanta Hawks,ATL
54,28,0.659,15.0,94.2,88.9,5.45,1997,Detroit Pistons,DET
54,28,0.659,15.0,98.9,97,2.13,1997,Charlotte Hornets,CHH
54,28,0.659,15.0,98.9,97,2.13,1997,Charlotte Hornets,CHO
42,40,0.512,27.0,87.5,85.6,2.32,1997,Cleveland Cavaliers,CLE
39,43,0.476,30.0,95.4,94.4,1.49,1997,Indiana Pacers,IND
33,49,0.402,36.0,95.3,97.2,-1.38,1997,Milwaukee Bucks,MIL
30,52,0.366,39.0,95.5,98.6,-2.56,1997,Toronto Raptors,TOR
64,18,0.78,0.0,103.1,94.3,7.97,1997,Utah Jazz,UTA
57,25,0.695,7.0,100.6,96.1,3.85,1997,Houston Rockets,HOU
40,42,0.488,24.0,96.1,97.6,-1.82,1997,Minnesota Timberwolves,MIN
24,58,0.293,40.0,90.6,97,-6.47,1997,Dallas Mavericks,DAL
21,61,0.256,43.0,97.8,104.1,-6.4,1997,Denver Nuggets,DEN
20,62,0.244,44.0,90.5,98.3,-7.93,1997,San Antonio Spurs,SAS
14,68,0.171,50.0,89.2,99.4,-10.17,1997,Vancouver Grizzlies,VAN
57,25,0.695,0.0,100.9,93.2,6.91,1997,Seattle SuperSonics,SEA
56,26,0.683,1.0,100,95.7,3.66,1997,Los Angeles Lakers,LAL
49,33,0.598,8.0,99,94.8,3.56,1997,Portland Trail Blazers,POR
40,42,0.488,17.0,102.8,102.2,0.21,1997,Phoenix Suns,PHX
40,42,0.488,17.0,102.8,102.2,0.21,1997,Phoenix Suns,PHO
36,46,0.439,21.0,97.2,99.5,-2.66,1997,Los Angeles Clippers,LAC
34,48,0.415,23.0,96.4,99.8,-3.64,1997,Sacramento Kings,SAC
30,52,0.366,27.0,99.6,104.4,-4.9,1997,Golden State Warriors,GSW
55,27,0.671,0.0,95,90,5.09,1998,Miami Heat,MIA
43,39,0.524,12.0,91.6,89.1,2.74,1998,New York Knicks,NYK
43,39,0.524,12.0,99.6,98.1,1.88,1998,New Jersey Nets,NJN
42,40,0.512,13.0,97.2,96.6,1.11,1998,Washington Wizards,WAS
41,41,0.5,14.0,90.1,91.2,-0.53,1998,Orlando Magic,ORL
36,46,0.439,19.0,95.9,98.5,-1.96,1998,Boston Celtics,BOS
31,51,0.378,24.0,93.3,95.7,-1.89,1998,Philadelphia 76ers,PHI
62,20,0.756,0.0,96.7,89.6,7.24,1998,Chicago Bulls,CHI
58,24,0.707,4.0,96,89.9,6.25,1998,Indiana Pacers,IND
51,31,0.622,11.0,96.6,94.6,2.45,1998,Charlotte Hornets,CHH
51,31,0.622,11.0,96.6,94.6,2.45,1998,Charlotte Hornets,CHO
50,32,0.61,12.0,95.9,92.3,3.85,1998,Atlanta Hawks,ATL
47,35,0.573,15.0,92.5,89.8,3.06,1998,Cleveland Cavaliers,CLE
37,45,0.451,25.0,94.2,92.6,1.95,1998,Detroit Pistons,DET
36,46,0.439,26.0,94.5,96.4,-1.33,1998,Milwaukee Bucks,MIL
16,66,0.195,46.0,94.9,104.2,-8.33,1998,Toronto Raptors,TOR
62,20,0.756,0.0,101,94.4,5.73,1998,Utah Jazz,UTA
56,26,0.683,6.0,92.5,88.5,3.3,1998,San Antonio Spurs,SAS
45,37,0.549,17.0,101.1,100.4,0.17,1998,Minnesota Timberwolves,MIN
41,41,0.5,21.0,98.8,99.5,-1.23,1998,Houston Rockets,HOU
20,62,0.244,42.0,91.4,97.5,-6.33,1998,Dallas Mavericks,DAL
19,63,0.232,43.0,96.6,103.9,-7.47,1998,Vancouver Grizzlies,VAN
11,71,0.134,51.0,89,100.8,-11.74,1998,Denver Nuggets,DEN
61,21,0.744,0.0,100.6,93.4,6.33,1998,Seattle SuperSonics,SEA
61,21,0.744,0.0,105.5,97.8,6.88,1998,Los Angeles Lakers,LAL
56,26,0.683,5.0,99.6,94.4,4.44,1998,Phoenix Suns,PHX
56,26,0.683,5.0,99.6,94.4,4.44,1998,Phoenix Suns,PHO
46,36,0.561,15.0,94.3,92.9,0.83,1998,Portland Trail Blazers,POR
27,55,0.329,34.0,93.1,98.7,-5.83,1998,Sacramento Kings,SAC
19,63,0.232,42.0,88.3,97.4,-9.2,1998,Golden State Warriors,GSW
17,65,0.207,44.0,95.9,103.3,-7.53,1998,Los Angeles Clippers,LAC
33,17,0.66,0.0,89,84,5.11,1999,Miami Heat,MIA
33,17,0.66,0.0,89.5,86.9,3.11,1999,Orlando Magic,ORL
28,22,0.56,5.0,89.7,87.6,2.56,1999,Philadelphia 76ers,PHI
27,23,0.54,6.0,86.4,85.4,1.45,1999,New York Knicks,NYK
19,31,0.38,14.0,93,94.9,-1.75,1999,Boston Celtics,BOS
18,32,0.36,15.0,91.2,93.4,-1.75,1999,Washington Wizards,WAS
16,34,0.32,17.0,91.4,95.2,-3.2,1999,New Jersey Nets,NJN
33,17,0.66,0.0,94.7,90.9,3.86,1999,Indiana Pacers,IND
31,19,0.62,2.0,86.3,83.4,2.82,1999,Atlanta Hawks,ATL
29,21,0.58,4.0,90.4,86.9,3.97,1999,Detroit Pistons,DET
28,22,0.56,5.0,91.7,90,1.66,1999,Milwaukee Bucks,MIL
26,24,0.52,7.0,92.9,93,0.63,1999,Charlotte Hornets,CHH
26,24,0.52,7.0,92.9,93,0.63,1999,Charlotte Hornets,CHO
23,27,0.46,10.0,91.1,92.8,-1.32,1999,Toronto Raptors,TOR
22,28,0.44,11.0,86.4,88.2,-0.94,1999,Cleveland Cavaliers,CLE
13,37,0.26,20.0,81.9,91.4,-8.58,1999,Chicago Bulls,CHI
37,13,0.74,0.0,92.8,84.7,7.12,1999,San Antonio Spurs,SAS
37,13,0.74,0.0,93.3,86.8,5.54,1999,Utah Jazz,UTA
31,19,0.62,6.0,94.2,91.9,1.39,1999,Houston Rockets,HOU
25,25,0.5,12.0,92.9,92.6,-0.17,1999,Minnesota Timberwolves,MIN
19,31,0.38,18.0,91.6,94,-2.5,1999,Dallas Mavericks,DAL
14,36,0.28,23.0,93.5,100.1,-6.67,1999,Denver Nuggets,DEN
8,42,0.16,29.0,88.9,97.5,-8.94,1999,Vancouver Grizzlies,VAN
35,15,0.7,0.0,94.8,88.5,5.67,1999,Portland Trail Blazers,POR
31,19,0.62,4.0,99,96,2.68,1999,Los Angeles Lakers,LAL
27,23,0.54,8.0,95.6,93.3,2.15,1999,Phoenix Suns,PHX
27,23,0.54,8.0,95.6,93.3,2.15,1999,Phoenix Suns,PHO
27,23,0.54,8.0,100.2,100.6,-0.89,1999,Sacramento Kings,SAC
25,25,0.5,10.0,94.9,95.9,-1.43,1999,Seattle SuperSonics,SEA
21,29,0.42,14.0,88.3,90.8,-2.63,1999,Golden State Warriors,GSW
9,41,0.18,26.0,90.4,99.2,-8.94,1999,Los Angeles Clippers,LAC
52,30,0.634,0.0,94.4,91.3,2.75,2000,Miami Heat,MIA
50,32,0.61,2.0,92.1,90.7,1.3,2000,New York Knicks,NYK
49,33,0.598,3.0,94.8,93.4,1.02,2000,Philadelphia 76ers,PHI
41,41,0.5,11.0,100.1,99.4,0.43,2000,Orlando Magic,ORL
35,47,0.427,17.0,99.3,100.1,-1,2000,Boston Celtics,BOS
31,51,0.378,21.0,98,99,-1.18,2000,New Jersey Nets,NJN
29,53,0.354,23.0,96.6,99.9,-3.47,2000,Washington Wizards,WAS
56,26,0.683,0.0,101.3,96.7,4.15,2000,Indiana Pacers,IND
49,33,0.598,7.0,98.4,95.8,2.33,2000,Charlotte Hornets,CHH
49,33,0.598,7.0,98.4,95.8,2.33,2000,Charlotte Hornets,CHO
45,37,0.549,11.0,97.2,97.3,-0.46,2000,Toronto Raptors,TOR
42,40,0.512,14.0,103.5,102,1.13,2000,Detroit Pistons,DET
42,40,0.512,14.0,101.2,101,-0.06,2000,Milwaukee Bucks,MIL
32,50,0.39,24.0,97,100.5,-3.64,2000,Cleveland Cavaliers,CLE
28,54,0.341,28.0,94.3,99.7,-5.41,2000,Atlanta Hawks,ATL
17,65,0.207,39.0,84.8,94.2,-9.23,2000,Chicago Bulls,CHI
55,27,0.671,0.0,96.5,92,4.52,2000,Utah Jazz,UTA
53,29,0.646,2.0,96.2,90.2,5.92,2000,San Antonio Spurs,SAS
50,32,0.61,5.0,98.5,96,2.67,2000,Minnesota Timberwolves,MIN
40,42,0.488,15.0,101.4,102,-0.29,2000,Dallas Mavericks,DAL
35,47,0.427,20.0,99,101.1,-1.76,2000,Denver Nuggets,DEN
34,48,0.415,21.0,99.5,100.3,-0.57,2000,Houston Rockets,HOU
22,60,0.268,33.0,93.9,99.5,-5.1,2000,Vancouver Grizzlies,VAN
67,15,0.817,0.0,100.8,92.3,8.41,2000,Los Angeles Lakers,LAL
59,23,0.72,8.0,97.5,91,6.36,2000,Portland Trail Blazers,POR
53,29,0.646,14.0,98.9,93.7,5.24,2000,Phoenix Suns,PHX
53,29,0.646,14.0,98.9,93.7,5.24,2000,Phoenix Suns,PHO
45,37,0.549,22.0,99.1,98.1,1.17,2000,Seattle SuperSonics,SEA
44,38,0.537,23.0,105,102,3.04,2000,Sacramento Kings,SAC
19,63,0.232,48.0,95.5,103.8,-7.63,2000,Golden State Warriors,GSW
15,67,0.183,52.0,92,103.5,-10.73,2000,Los Angeles Clippers,LAC
56,26,0.683,0.0,94.7,90.4,3.64,2001,Philadelphia 76ers,PHI
50,32,0.61,6.0,88.9,86.6,1.73,2001,Miami Heat,MIA
48,34,0.585,8.0,88.7,86.1,1.98,2001,New York Knicks,NYK
43,39,0.524,13.0,97.5,96.5,0.39,2001,Orlando Magic,ORL
36,46,0.439,20.0,94.6,96.8,-2.4,2001,Boston Celtics,BOS
26,56,0.317,30.0,92.1,97.1,-5.3,2001,New Jersey Nets,NJN
19,63,0.232,37.0,93.2,99.9,-6.75,2001,Washington Wizards,WAS
52,30,0.634,0.0,100.7,96.9,3.14,2001,Milwaukee Bucks,MIL
47,35,0.573,5.0,97.6,95.4,1.69,2001,Toronto Raptors,TOR
46,36,0.561,6.0,91.9,89.8,1.45,2001,Charlotte Hornets,CHH
46,36,0.561,6.0,91.9,89.8,1.45,2001,Charlotte Hornets,CHO
41,41,0.5,11.0,92.6,92.8,-0.77,2001,Indiana Pacers,IND
32,50,0.39,20.0,95.6,97.3,-2.08,2001,Detroit Pistons,DET
30,52,0.366,22.0,92.2,96.5,-4.48,2001,Cleveland Cavaliers,CLE
25,57,0.305,27.0,91,96.2,-5.55,2001,Atlanta Hawks,ATL
15,67,0.183,37.0,87.6,96.7,-9.09,2001,Chicago Bulls,CHI
58,24,0.707,0.0,96.2,88.4,7.92,2001,San Antonio Spurs,SAS
53,29,0.646,5.0,97.1,92.4,5,2001,Utah Jazz,UTA
53,29,0.646,5.0,100.5,96.2,4.61,2001,Dallas Mavericks,DAL
47,35,0.573,11.0,97.3,96,1.81,2001,Minnesota Timberwolves,MIN
45,37,0.549,13.0,97.2,94.9,2.71,2001,Houston Rockets,HOU
40,42,0.488,18.0,96.6,99,-1.83,2001,Denver Nuggets,DEN
23,59,0.28,35.0,91.7,97.5,-4.94,2001,Vancouver Grizzlies,VAN
56,26,0.683,0.0,100.6,97.2,3.74,2001,Los Angeles Lakers,LAL
55,27,0.671,1.0,101.7,95.9,6.07,2001,Sacramento Kings,SAC
51,31,0.622,5.0,94,91.8,2.63,2001,Phoenix Suns,PHX
51,31,0.622,5.0,94,91.8,2.63,2001,Phoenix Suns,PHO
50,32,0.61,6.0,95.4,91.2,4.52,2001,Portland Trail Blazers,POR
44,38,0.537,12.0,97.3,97.3,0.55,2001,Seattle SuperSonics,SEA
31,51,0.378,25.0,92.5,95.3,-2.23,2001,Los Angeles Clippers,LAC
17,65,0.207,39.0,92.5,101.5,-8.11,2001,Golden State Warriors,GSW
52,30,0.634,0.0,96.2,92,3.67,2002,New Jersey Nets,NJN
49,33,0.598,3.0,96.4,94.1,1.75,2002,Boston Celtics,BOS
44,38,0.537,8.0,100.5,98.9,1.25,2002,Orlando Magic,ORL
43,39,0.524,9.0,91,89.4,1.27,2002,Philadelphia 76ers,PHI
37,45,0.451,15.0,92.8,94.2,-1.58,2002,Washington Wizards,WAS
36,46,0.439,16.0,87.2,88.7,-1.84,2002,Miami Heat,MIA
30,52,0.366,22.0,91.6,95.6,-4.15,2002,New York Knicks,NYK
50,32,0.61,0.0,94.3,92.2,1.69,2002,Detroit Pistons,DET
44,38,0.537,6.0,93.9,92.9,0.57,2002,Charlotte Hornets,CHH
44,38,0.537,6.0,93.9,92.9,0.57,2002,Charlotte Hornets,CHO
42,40,0.512,8.0,91.4,91.8,-0.71,2002,Toronto Raptors,TOR
42,40,0.512,8.0,96.8,96.5,-0.07,2002,Indiana Pacers,IND
41,41,0.5,9.0,97.5,97.7,-0.62,2002,Milwaukee Bucks,MIL
33,49,0.402,17.0,94,98.3,-4.41,2002,Atlanta Hawks,ATL
29,53,0.354,21.0,95.3,98.6,-3.52,2002,Cleveland Cavaliers,CLE
21,61,0.256,29.0,89.5,98,-8.52,2002,Chicago Bulls,CHI
58,24,0.707,0.0,96.7,90.5,6.28,2002,San Antonio Spurs,SAS
57,25,0.695,1.0,105.2,101,4.41,2002,Dallas Mavericks,DAL
50,32,0.61,8.0,99.3,96,3.58,2002,Minnesota Timberwolves,MIN
44,38,0.537,14.0,96,95.1,1.21,2002,Utah Jazz,UTA
28,54,0.341,30.0,92.3,97.2,-4.31,2002,Houston Rockets,HOU
27,55,0.329,31.0,92.2,98,-5.19,2002,Denver Nuggets,DEN
23,59,0.28,35.0,89.9,97.3,-6.74,2002,Memphis Grizzlies,MEM
61,21,0.744,0.0,104.6,97,7.61,2002,Sacramento Kings,SAC
58,24,0.707,3.0,101.3,94.1,7.15,2002,Los Angeles Lakers,LAL
49,33,0.598,12.0,96.6,93.7,3.21,2002,Portland Trail Blazers,POR
45,37,0.549,16.0,97.7,94.7,3.24,2002,Seattle SuperSonics,SEA
39,43,0.476,22.0,95.7,96.1,-0.09,2002,Los Angeles Clippers,LAC
36,46,0.439,25.0,95.1,95.8,-0.3,2002,Phoenix Suns,PHX
36,46,0.439,25.0,95.1,95.8,-0.3,2002,Phoenix Suns,PHO
21,61,0.256,40.0,97.7,103.1,-4.8,2002,Golden State Warriors,GSW
49,33,0.598,0.0,95.4,90.1,4.42,2003,New Jersey Nets,NJN
48,34,0.585,1.0,96.8,94.5,1.76,2003,Philadelphia 76ers,PHI
44,38,0.537,5.0,92.7,93.1,-0.75,2003,Boston Celtics,BOS
42,40,0.512,7.0,98.5,98.4,-0.39,2003,Orlando Magic,ORL
37,45,0.451,12.0,91.5,92.5,-1.47,2003,Washington Wizards,WAS
37,45,0.451,12.0,95.9,97.2,-1.61,2003,New York Knicks,NYK
25,57,0.305,24.0,85.6,90.6,-5.13,2003,Miami Heat,MIA
50,32,0.61,0.0,91.4,87.7,2.97,2003,Detroit Pistons,DET
48,34,0.585,2.0,96.8,93.3,2.79,2003,Indiana Pacers,IND
47,35,0.573,3.0,93.9,91.8,1.52,2003,New Orleans Hornets,NOH
42,40,0.512,8.0,99.5,99.3,-0.24,2003,Milwaukee Bucks,MIL
35,47,0.427,15.0,94.1,97.6,-3.87,2003,Atlanta Hawks,ATL
30,52,0.366,20.0,95,100.1,-5.31,2003,Chicago Bulls,CHI
24,58,0.293,26.0,90.9,96.8,-6.1,2003,Toronto Raptors,TOR
17,65,0.207,33.0,91.4,101,-9.59,2003,Cleveland Cavaliers,CLE
60,22,0.732,0.0,95.8,90.4,5.65,2003,San Antonio Spurs,SAS
60,22,0.732,0.0,103,95.2,7.9,2003,Dallas Mavericks,DAL
51,31,0.622,9.0,98.1,96,2.46,2003,Minnesota Timberwolves,MIN
47,35,0.573,13.0,94.7,92.3,2.76,2003,Utah Jazz,UTA
43,39,0.524,17.0,93.8,92.3,1.89,2003,Houston Rockets,HOU
28,54,0.341,32.0,97.5,100.7,-2.6,2003,Memphis Grizzlies,MEM
17,65,0.207,43.0,84.2,92.4,-7.41,2003,Denver Nuggets,DEN
59,23,0.72,0.0,101.7,95.2,6.68,2003,Sacramento Kings,SAC
50,32,0.61,9.0,100.4,98,2.71,2003,Los Angeles Lakers,LAL
50,32,0.61,9.0,95.2,92.5,2.97,2003,Portland Trail Blazers,POR
44,38,0.537,15.0,95.5,94.4,1.57,2003,Phoenix Suns,PHX
44,38,0.537,15.0,95.5,94.4,1.57,2003,Phoenix Suns,PHO
40,42,0.488,19.0,92.1,92.3,0.37,2003,Seattle SuperSonics,SEA
38,44,0.463,21.0,102.4,103.6,-0.6,2003,Golden State Warriors,GSW
27,55,0.329,32.0,93.8,97.9,-3.45,2003,Los Angeles Clippers,LAC
47,35,0.573,0.0,90.3,87.8,1.88,2004,New Jersey Nets,NJN
42,40,0.512,5.0,90.3,89.7,-0.13,2004,Miami Heat,MIA
39,43,0.476,8.0,92,93.5,-1.97,2004,New York Knicks,NYK
36,46,0.439,11.0,95.3,96.7,-1.99,2004,Boston Celtics,BOS
33,49,0.402,14.0,88,90.5,-2.95,2004,Philadelphia 76ers,PHI
25,57,0.305,22.0,91.8,97.4,-6.12,2004,Washington Wizards,WAS
21,61,0.256,26.0,94,101.1,-7.25,2004,Orlando Magic,ORL
61,21,0.744,0.0,91.4,85.6,4.93,2004,Indiana Pacers,IND
54,28,0.659,7.0,90.1,84.3,5.04,2004,Detroit Pistons,DET
41,41,0.5,20.0,91.8,91.9,-0.72,2004,New Orleans Hornets,NOH
41,41,0.5,20.0,98,97,0.42,2004,Milwaukee Bucks,MIL
35,47,0.427,26.0,92.9,95.5,-3.07,2004,Cleveland Cavaliers,CLE
33,49,0.402,28.0,85.4,88.5,-3.42,2004,Toronto Raptors,TOR
28,54,0.341,33.0,92.8,97.5,-5,2004,Atlanta Hawks,ATL
23,59,0.28,38.0,89.7,96,-6.69,2004,Chicago Bulls,CHI
58,24,0.707,0.0,94.5,89.1,5.86,2004,Minnesota Timberwolves,MIN
57,25,0.695,1.0,91.5,84.3,7.51,2004,San Antonio Spurs,SAS
52,30,0.634,6.0,105.2,100.8,4.86,2004,Dallas Mavericks,DAL
50,32,0.61,8.0,96.7,94.3,2.95,2004,Memphis Grizzlies,MEM
45,37,0.549,13.0,89.8,88,2.28,2004,Houston Rockets,HOU
43,39,0.524,15.0,97.2,96.1,1.65,2004,Denver Nuggets,DEN
42,40,0.512,16.0,88.7,89.9,-0.53,2004,Utah Jazz,UTA
56,26,0.683,0.0,98.2,94.3,4.35,2004,Los Angeles Lakers,LAL
55,27,0.671,1.0,102.8,97.8,5.41,2004,Sacramento Kings,SAC
41,41,0.5,15.0,90.7,92,-0.58,2004,Portland Trail Blazers,POR
37,45,0.451,19.0,93.3,94,-0.07,2004,Golden State Warriors,GSW
37,45,0.451,19.0,97.1,97.8,0.02,2004,Seattle SuperSonics,SEA
29,53,0.354,27.0,94.2,97.9,-2.94,2004,Phoenix Suns,PHX
29,53,0.354,27.0,94.2,97.9,-2.94,2004,Phoenix Suns,PHO
28,54,0.341,28.0,94.8,99.4,-3.74,2004,Los Angeles Clippers,LAC
45,37,0.549,0.0,101.3,100.4,0.35,2005,Boston Celtics,BOS
43,39,0.524,2.0,99.1,99.9,-1.07,2005,Philadelphia 76ers,PHI
42,40,0.512,3.0,91.4,92.9,-1.82,2005,New Jersey Nets,NJN
33,49,0.402,12.0,99.7,101.4,-1.81,2005,Toronto Raptors,TOR
33,49,0.402,12.0,97.3,99.7,-2.72,2005,New York Knicks,NYK
54,28,0.659,0.0,93.3,89.5,3.31,2005,Detroit Pistons,DET
47,35,0.573,7.0,94.5,93.4,0.65,2005,Chicago Bulls,CHI
44,38,0.537,10.0,93,92.2,0.49,2005,Indiana Pacers,IND
42,40,0.512,12.0,96.5,95.7,0.27,2005,Cleveland Cavaliers,CLE
30,52,0.366,24.0,97.2,100.2,-3.09,2005,Milwaukee Bucks,MIL
59,23,0.72,0.0,101.5,95,5.77,2005,Miami Heat,MIA
45,37,0.549,14.0,100.5,100.8,-0.71,2005,Washington Wizards,WAS
36,46,0.439,23.0,99.5,101.8,-2.52,2005,Orlando Magic,ORL
18,64,0.22,41.0,94.3,100.2,-6.15,2005,Charlotte Bobcats,CHA
13,69,0.159,46.0,92.7,102.5,-9.62,2005,Atlanta Hawks,ATL
52,30,0.634,0.0,98.9,96.6,2.59,2005,Seattle SuperSonics,SEA
49,33,0.598,3.0,99.5,97.5,2.23,2005,Denver Nuggets,DEN
44,38,0.537,8.0,96.8,95.3,1.73,2005,Minnesota Timberwolves,MIN
27,55,0.329,25.0,92.9,96.9,-3.45,2005,Portland Trail Blazers,POR
26,56,0.317,26.0,93,97.3,-3.74,2005,Utah Jazz,UTA
62,20,0.756,0.0,110.4,103.3,7.08,2005,Phoenix Suns,PHX
62,20,0.756,0.0,110.4,103.3,7.08,2005,Phoenix Suns,PHO
50,32,0.61,12.0,103.7,101.6,2.56,2005,Sacramento Kings,SAC
37,45,0.451,25.0,95.7,96.5,-0.47,2005,Los Angeles Clippers,LAC
34,48,0.415,28.0,98.7,101.7,-2.32,2005,Los Angeles Lakers,LAL
34,48,0.415,28.0,98.7,100.9,-1.74,2005,Golden State Warriors,GSW
59,23,0.72,0.0,96.2,88.4,7.84,2005,San Antonio Spurs,SAS
58,24,0.707,1.0,102.5,96.8,5.86,2005,Dallas Mavericks,DAL
51,31,0.622,8.0,95.1,91,4.27,2005,Houston Rockets,HOU
45,37,0.549,14.0,93.4,91.1,2.64,2005,Memphis Grizzlies,MEM
18,64,0.22,41.0,88.4,95.5,-6.3,2005,New Orleans Hornets,NOH
49,33,0.598,0.0,93.8,92.4,1.11,2006,New Jersey Nets,NJN
38,44,0.463,11.0,99.4,101.3,-2.1,2006,Philadelphia 76ers,PHI
33,49,0.402,16.0,98,99.5,-1.59,2006,Boston Celtics,BOS
27,55,0.329,22.0,101.1,104,-3.03,2006,Toronto Raptors,TOR
23,59,0.28,26.0,95.6,102,-6.3,2006,New York Knicks,NYK
64,18,0.78,0.0,96.8,90.2,6.24,2006,Detroit Pistons,DET
50,32,0.61,14.0,97.6,95.4,2.17,2006,Cleveland Cavaliers,CLE
41,41,0.5,23.0,93.9,92,1.62,2006,Indiana Pacers,IND
41,41,0.5,23.0,97.8,97.2,0.51,2006,Chicago Bulls,CHI
40,42,0.488,24.0,97.8,98.8,-1.07,2006,Milwaukee Bucks,MIL
52,30,0.634,0.0,99.9,96,3.59,2006,Miami Heat,MIA
42,40,0.512,10.0,101.7,99.8,1.57,2006,Washington Wizards,WAS
36,46,0.439,16.0,94.9,96,-1.26,2006,Orlando Magic,ORL
26,56,0.317,26.0,96.9,100.9,-3.9,2006,Charlotte Bobcats,CHA
26,56,0.317,26.0,97.2,102,-4.69,2006,Atlanta Hawks,ATL
44,38,0.537,0.0,100.3,100.1,0.36,2006,Denver Nuggets,DEN
41,41,0.5,3.0,92.4,95,-2.49,2006,Utah Jazz,UTA
35,47,0.427,9.0,102.6,105.6,-2.88,2006,Seattle SuperSonics,SEA
33,49,0.402,11.0,91.7,93.6,-1.75,2006,Minnesota Timberwolves,MIN
21,61,0.256,23.0,88.8,98.3,-8.91,2006,Portland Trail Blazers,POR
54,28,0.659,0.0,108.4,102.8,5.48,2006,Phoenix Suns,PHX
54,28,0.659,0.0,108.4,102.8,5.48,2006,Phoenix Suns,PHO
47,35,0.573,7.0,97.2,95.6,1.75,2006,Los Angeles Clippers,LAC
45,37,0.549,9.0,99.4,96.9,2.53,2006,Los Angeles Lakers,LAL
44,38,0.537,10.0,98.9,97.3,1.61,2006,Sacramento Kings,SAC
34,48,0.415,20.0,98.5,99.8,-1.11,2006,Golden State Warriors,GSW
63,19,0.768,0.0,95.6,88.8,6.69,2006,San Antonio Spurs,SAS
60,22,0.732,3.0,99.1,93.1,5.96,2006,Dallas Mavericks,DAL
49,33,0.598,14.0,92.2,88.5,3.74,2006,Memphis Grizzlies,MEM
38,44,0.463,25.0,92.8,95.6,-2.51,2006,New Orleans/Oklahoma City Hornets,NOK
34,48,0.415,29.0,90.1,91.7,-1.3,2006,Houston Rockets,HOU
47,35,0.573,0.0,99.5,98.5,0.61,2007,Toronto Raptors,TOR
41,41,0.5,6.0,97.6,98.3,-1,2007,New Jersey Nets,NJN
35,47,0.427,12.0,94.9,98,-3.26,2007,Philadelphia 76ers,PHI
33,49,0.402,14.0,97.5,100.3,-3.06,2007,New York Knicks,NYK
24,58,0.293,23.0,95.8,99.2,-3.7,2007,Boston Celtics,BOS
53,29,0.646,0.0,96,91.8,3.69,2007,Detroit Pistons,DET
50,32,0.61,3.0,96.8,92.9,3.33,2007,Cleveland Cavaliers,CLE
49,33,0.598,4.0,98.8,93.8,4.52,2007,Chicago Bulls,CHI
35,47,0.427,18.0,95.6,98,-2.62,2007,Indiana Pacers,IND
28,54,0.341,25.0,99.7,104,-4.43,2007,Milwaukee Bucks,MIL
44,38,0.537,0.0,94.6,95.5,-1.21,2007,Miami Heat,MIA
41,41,0.5,3.0,104.3,104.9,-0.8,2007,Washington Wizards,WAS
40,42,0.488,4.0,94.8,94,0.35,2007,Orlando Magic,ORL
33,49,0.402,11.0,96.9,100.6,-3.97,2007,Charlotte Bobcats,CHA
30,52,0.366,14.0,93.7,98.4,-4.86,2007,Atlanta Hawks,ATL
51,31,0.622,0.0,101.5,98.6,3.06,2007,Utah Jazz,UTA
45,37,0.549,6.0,105.4,103.7,1.69,2007,Denver Nuggets,DEN
32,50,0.39,19.0,94.1,98.4,-3.78,2007,Portland Trail Blazers,POR
32,50,0.39,19.0,96.1,99.7,-3.16,2007,Minnesota Timberwolves,MIN
31,51,0.378,20.0,99.1,102,-2.45,2007,Seattle SuperSonics,SEA
61,21,0.744,0.0,110.2,102.9,7.28,2007,Phoenix Suns,PHX
61,21,0.744,0.0,110.2,102.9,7.28,2007,Phoenix Suns,PHO
42,40,0.512,19.0,103.3,103.4,0.24,2007,Los Angeles Lakers,LAL
42,40,0.512,19.0,106.5,106.9,0,2007,Golden State Warriors,GSW
40,42,0.488,21.0,95.6,96.1,-0.07,2007,Los Angeles Clippers,LAC
33,49,0.402,28.0,101.3,103.1,-1.35,2007,Sacramento Kings,SAC
67,15,0.817,0.0,100,92.8,7.28,2007,Dallas Mavericks,DAL
58,24,0.707,9.0,98.5,90.1,8.35,2007,San Antonio Spurs,SAS
52,30,0.634,15.0,97,92.1,5.04,2007,Houston Rockets,HOU
39,43,0.476,28.0,95.5,97.1,-1.19,2007,New Orleans/Oklahoma City Hornets,NOK
22,60,0.268,45.0,101.6,106.7,-4.44,2007,Memphis Grizzlies,MEM
66,16,0.805,0.0,100.5,90.3,9.3,2008,Boston Celtics,BOS
41,41,0.5,25.0,100.2,97.3,2.47,2008,Toronto Raptors,TOR
40,42,0.488,26.0,96.6,96.2,0.19,2008,Philadelphia 76ers,PHI
34,48,0.415,32.0,95.8,100.9,-5.15,2008,New Jersey Nets,NJN
23,59,0.28,43.0,96.9,103.5,-6.55,2008,New York Knicks,NYK
59,23,0.72,0.0,97.5,90.1,6.67,2008,Detroit Pistons,DET
45,37,0.549,14.0,96.4,96.7,-0.53,2008,Cleveland Cavaliers,CLE
36,46,0.439,23.0,104,105.4,-1.87,2008,Indiana Pacers,IND
33,49,0.402,26.0,97.3,100.4,-3.19,2008,Chicago Bulls,CHI
26,56,0.317,33.0,97,103.9,-6.92,2008,Milwaukee Bucks,MIL
52,30,0.634,0.0,104.5,99,4.79,2008,Orlando Magic,ORL
43,39,0.524,9.0,98.8,99.2,-0.61,2008,Washington Wizards,WAS
37,45,0.451,15.0,98.2,100,-2.23,2008,Atlanta Hawks,ATL
32,50,0.39,20.0,97.1,101.4,-4.49,2008,Charlotte Bobcats,CHA
15,67,0.183,37.0,91.4,100,-8.53,2008,Miami Heat,MIA
54,28,0.659,0.0,106.2,99.3,6.86,2008,Utah Jazz,UTA
50,32,0.61,4.0,110.7,107,3.74,2008,Denver Nuggets,DEN
41,41,0.5,13.0,95.4,96.3,-0.52,2008,Portland Trail Blazers,POR
22,60,0.268,32.0,95.6,102.4,-6.26,2008,Minnesota Timberwolves,MIN
20,62,0.244,34.0,97.5,106.3,-8.04,2008,Seattle SuperSonics,SEA
57,25,0.695,0.0,108.6,101.3,7.34,2008,Los Angeles Lakers,LAL
55,27,0.671,2.0,110.1,105,5.14,2008,Phoenix Suns,PHX
55,27,0.671,2.0,110.1,105,5.14,2008,Phoenix Suns,PHO
48,34,0.585,9.0,111,108.8,2.38,2008,Golden State Warriors,GSW
38,44,0.463,19.0,102.5,104.8,-1.86,2008,Sacramento Kings,SAC
23,59,0.28,34.0,93.8,101.1,-6.56,2008,Los Angeles Clippers,LAC
56,26,0.683,0.0,100.9,95.6,5.46,2008,New Orleans Hornets,NOH
56,26,0.683,0.0,95.4,90.6,5.1,2008,San Antonio Spurs,SAS
55,27,0.671,1.0,96.7,92,4.83,2008,Houston Rockets,HOU
51,31,0.622,5.0,100.4,95.9,4.7,2008,Dallas Mavericks,DAL
22,60,0.268,34.0,100.7,106.9,-5.76,2008,Memphis Grizzlies,MEM
62,20,0.756,0.0,100.9,93.4,7.44,2009,Boston Celtics,BOS
41,41,0.5,21.0,97.4,97.3,0.16,2009,Philadelphia 76ers,PHI
34,48,0.415,28.0,98.1,100.5,-2.31,2009,New Jersey Nets,NJN
33,49,0.402,29.0,99,101.9,-2.54,2009,Toronto Raptors,TOR
32,50,0.39,30.0,105.2,107.8,-2.33,2009,New York Knicks,NYK
66,16,0.805,0.0,100.3,91.4,8.68,2009,Cleveland Cavaliers,CLE
41,41,0.5,25.0,102.2,102.5,-0.16,2009,Chicago Bulls,CHI
39,43,0.476,27.0,94.2,94.7,-0.36,2009,Detroit Pistons,DET
36,46,0.439,30.0,105.1,106.2,-0.76,2009,Indiana Pacers,IND
34,48,0.415,32.0,99.3,100.4,-0.88,2009,Milwaukee Bucks,MIL
59,23,0.72,0.0,101,94.4,6.48,2009,Orlando Magic,ORL
47,35,0.573,12.0,98.1,96.5,1.7,2009,Atlanta Hawks,ATL
43,39,0.524,16.0,98.3,98,0.49,2009,Miami Heat,MIA
35,47,0.427,24.0,93.6,94.9,-1.2,2009,Charlotte Bobcats,CHA
19,63,0.232,40.0,96.1,103.5,-6.98,2009,Washington Wizards,WAS
54,28,0.659,0.0,104.3,100.9,3.13,2009,Denver Nuggets,DEN
54,28,0.659,0.0,99.4,94.1,5,2009,Portland Trail Blazers,POR
48,34,0.585,6.0,103.6,100.9,2.31,2009,Utah Jazz,UTA
24,58,0.293,30.0,97.8,102.7,-4.74,2009,Minnesota Timberwolves,MIN
23,59,0.28,31.0,97,103.1,-6.04,2009,Oklahoma City Thunder,OKC
65,17,0.793,0.0,106.9,99.3,7.11,2009,Los Angeles Lakers,LAL
46,36,0.561,19.0,109.4,107.5,1.62,2009,Phoenix Suns,PHX
46,36,0.561,19.0,109.4,107.5,1.62,2009,Phoenix Suns,PHO
29,53,0.354,36.0,108.6,112.3,-3.8,2009,Golden State Warriors,GSW
19,63,0.232,46.0,95.1,103.9,-8.47,2009,Los Angeles Clippers,LAC
17,65,0.207,48.0,100.6,109.3,-8.6,2009,Sacramento Kings,SAC
54,28,0.659,0.0,97,93.3,3.36,2009,San Antonio Spurs,SAS
53,29,0.646,1.0,98.4,94.4,3.73,2009,Houston Rockets,HOU
50,32,0.61,4.0,101.7,99.8,1.68,2009,Dallas Mavericks,DAL
49,33,0.598,5.0,95.8,94.3,1.41,2009,New Orleans Hornets,NOH
24,58,0.293,30.0,93.9,99.3,-5.23,2009,Memphis Grizzlies,MEM
50,32,0.61,0.0,99.2,95.6,3.37,2010,Boston Celtics,BOS
40,42,0.488,10.0,104.1,105.9,-1.83,2010,Toronto Raptors,TOR
29,53,0.354,21.0,102.1,105.9,-4.01,2010,New York Knicks,NYK
27,55,0.329,23.0,97.7,101.6,-3.93,2010,Philadelphia 76ers,PHI
12,70,0.146,38.0,92.4,101.5,-8.93,2010,New Jersey Nets,NJN
61,21,0.744,0.0,102.1,95.6,6.17,2010,Cleveland Cavaliers,CLE
46,36,0.561,15.0,97.7,96,1.37,2010,Milwaukee Bucks,MIL
41,41,0.5,20.0,97.5,99.1,-1.64,2010,Chicago Bulls,CHI
32,50,0.39,29.0,100.8,103.8,-3.11,2010,Indiana Pacers,IND
27,55,0.329,34.0,94,99.1,-5.02,2010,Detroit Pistons,DET
59,23,0.72,0.0,102.8,95.3,7.12,2010,Orlando Magic,ORL
53,29,0.646,6.0,101.7,97,4.44,2010,Atlanta Hawks,ATL
47,35,0.573,12.0,96.5,94.2,1.99,2010,Miami Heat,MIA
44,38,0.537,15.0,95.3,93.8,1.3,2010,Charlotte Bobcats,CHA
26,56,0.317,33.0,96.2,101,-4.72,2010,Washington Wizards,WAS
53,29,0.646,0.0,106.5,102.4,4.15,2010,Denver Nuggets,DEN
53,29,0.646,0.0,104.2,98.9,5.33,2010,Utah Jazz,UTA
50,32,0.61,3.0,98.1,94.8,3.18,2010,Portland Trail Blazers,POR
50,32,0.61,3.0,101.5,98,3.55,2010,Oklahoma City Thunder,OKC
15,67,0.183,38.0,98.2,107.8,-9.06,2010,Minnesota Timberwolves,MIN
57,25,0.695,0.0,101.7,97,4.78,2010,Los Angeles Lakers,LAL
54,28,0.659,3.0,110.2,105.3,4.67,2010,Phoenix Suns,PHX
54,28,0.659,3.0,110.2,105.3,4.67,2010,Phoenix Suns,PHO
29,53,0.354,28.0,95.7,102.1,-6.01,2010,Los Angeles Clippers,LAC
26,56,0.317,31.0,108.8,112.4,-3.28,2010,Golden State Warriors,GSW
25,57,0.305,32.0,100,104.4,-4.06,2010,Sacramento Kings,SAC
55,27,0.671,0.0,102,99.3,2.66,2010,Dallas Mavericks,DAL
50,32,0.61,5.0,101.4,96.3,5.07,2010,San Antonio Spurs,SAS
42,40,0.512,13.0,102.4,102.7,-0.02,2010,Houston Rockets,HOU
40,42,0.488,15.0,102.5,104,-1.39,2010,Memphis Grizzlies,MEM
37,45,0.451,18.0,100.2,102.7,-2.27,2010,New Orleans Hornets,NOH
56,26,0.683,0.0,96.5,91.1,4.83,2011,Boston Celtics,BOS
42,40,0.512,14.0,106.5,105.7,0.48,2011,New York Knicks,NYK
41,41,0.5,15.0,99,97.5,1.01,2011,Philadelphia 76ers,PHI
24,58,0.293,32.0,94.2,100.4,-6.28,2011,New Jersey Nets,NJN
22,60,0.268,34.0,99.1,105.4,-6.28,2011,Toronto Raptors,TOR
62,20,0.756,0.0,98.6,91.3,6.53,2011,Chicago Bulls,CHI
37,45,0.451,25.0,99.8,100.9,-1.38,2011,Indiana Pacers,IND
35,47,0.427,27.0,91.9,92.7,-1.02,2011,Milwaukee Bucks,MIL
30,52,0.366,32.0,97,100.6,-3.78,2011,Detroit Pistons,DET
19,63,0.232,43.0,95.5,104.5,-8.88,2011,Cleveland Cavaliers,CLE
58,24,0.707,0.0,102.1,94.6,6.76,2011,Miami Heat,MIA
52,30,0.634,6.0,99.2,93.7,4.92,2011,Orlando Magic,ORL
44,38,0.537,14.0,95,95.8,-1.1,2011,Atlanta Hawks,ATL
34,48,0.415,24.0,93.3,97.3,-4.08,2011,Charlotte Bobcats,CHA
23,59,0.28,35.0,97.3,104.7,-7.3,2011,Washington Wizards,WAS
55,27,0.671,0.0,104.8,101,3.81,2011,Oklahoma City Thunder,OKC
50,32,0.61,5.0,107.5,102.7,4.81,2011,Denver Nuggets,DEN
48,34,0.585,7.0,96.3,94.8,1.85,2011,Portland Trail Blazers,POR
39,43,0.476,16.0,99.4,101.3,-1.44,2011,Utah Jazz,UTA
17,65,0.207,38.0,101.1,107.7,-5.97,2011,Minnesota Timberwolves,MIN
57,25,0.695,0.0,101.5,95.4,6.01,2011,Los Angeles Lakers,LAL
40,42,0.488,17.0,105,105.9,-0.46,2011,Phoenix Suns,PHX
40,42,0.488,17.0,105,105.9,-0.46,2011,Phoenix Suns,PHO
36,46,0.439,21.0,103.4,105.7,-2,2011,Golden State Warriors,GSW
32,50,0.39,25.0,98.6,101.8,-2.71,2011,Los Angeles Clippers,LAC
24,58,0.293,33.0,99.4,104.7,-4.8,2011,Sacramento Kings,SAC
61,21,0.744,0.0,103.7,98,5.86,2011,San Antonio Spurs,SAS
57,25,0.695,4.0,100.2,96,4.41,2011,Dallas Mavericks,DAL
46,36,0.561,15.0,94.9,94,1.28,2011,New Orleans Hornets,NOH
46,36,0.561,15.0,99.9,97.6,2.55,2011,Memphis Grizzlies,MEM
43,39,0.524,18.0,105.9,103.7,2.37,2011,Houston Rockets,HOU
39,27,0.591,0.0,91.8,89.3,2.26,2012,Boston Celtics,BOS
36,30,0.545,3.0,97.8,94.7,2.39,2012,New York Knicks,NYK
35,31,0.53,4.0,93.6,89.4,3.59,2012,Philadelphia 76ers,PHI
23,43,0.348,16.0,90.7,94,-3.67,2012,Toronto Raptors,TOR
22,44,0.333,17.0,93.1,99.1,-6.37,2012,New Jersey Nets,NJN
50,16,0.758,0.0,96.3,88.2,7.43,2012,Chicago Bulls,CHI
42,24,0.636,8.0,97.7,94.4,2.6,2012,Indiana Pacers,IND
31,35,0.47,19.0,99,98.7,-0.23,2012,Milwaukee Bucks,MIL
25,41,0.379,25.0,90.9,95.7,-5.19,2012,Detroit Pistons,DET
21,45,0.318,29.0,93,100.2,-7.34,2012,Cleveland Cavaliers,CLE
46,20,0.697,0.0,98.5,92.5,5.72,2012,Miami Heat,MIA
40,26,0.606,6.0,96.6,93.2,2.67,2012,Atlanta Hawks,ATL
37,29,0.561,9.0,94.2,93.4,0.46,2012,Orlando Magic,ORL
20,46,0.303,26.0,93.6,98.4,-5.14,2012,Washington Wizards,WAS
7,59,0.106,39.0,87,100.9,-13.96,2012,Charlotte Bobcats,CHA
47,19,0.712,0.0,103.1,96.9,6.44,2012,Oklahoma City Thunder,OKC
38,28,0.576,9.0,104.1,101.2,3.16,2012,Denver Nuggets,DEN
36,30,0.545,11.0,99.7,99,0.92,2012,Utah Jazz,UTA
28,38,0.424,19.0,97.2,97.8,-0.22,2012,Portland Trail Blazers,POR
26,40,0.394,21.0,97.9,100.1,-1.83,2012,Minnesota Timberwolves,MIN
41,25,0.621,0.0,97.3,95.9,1.96,2012,Los Angeles Lakers,LAL
40,26,0.606,1.0,97.5,95,2.82,2012,Los Angeles Clippers,LAC
33,33,0.5,8.0,98.4,98.6,0.29,2012,Phoenix Suns,PHX
33,33,0.5,8.0,98.4,98.6,0.29,2012,Phoenix Suns,PHO
23,43,0.348,18.0,97.8,101.2,-2.79,2012,Golden State Warriors,GSW
22,44,0.333,19.0,98.8,104.4,-4.95,2012,Sacramento Kings,SAC
50,16,0.758,0.0,103.7,96.5,7.28,2012,San Antonio Spurs,SAS
41,25,0.621,9.0,95,93,2.43,2012,Memphis Grizzlies,MEM
36,30,0.545,14.0,95.8,94.8,1.78,2012,Dallas Mavericks,DAL
34,32,0.515,16.0,98.1,97.9,0.57,2012,Houston Rockets,HOU
21,45,0.318,29.0,89.6,93.4,-3.11,2012,New Orleans Hornets,NOH
54,28,0.659,0.0,100,95.7,3.73,2013,New York Knicks,NYK
49,33,0.598,5.0,96.9,95.1,1.25,2013,Brooklyn Nets,BRK
49,33,0.598,5.0,96.9,95.1,1.25,2013,Brooklyn Nets,BKN
41,40,0.506,12.5,96.5,96.7,-0.62,2013,Boston Celtics,BOS
34,48,0.415,20.0,93.2,96.5,-3.51,2013,Philadelphia 76ers,PHI
34,48,0.415,20.0,97.2,98.7,-1.96,2013,Toronto Raptors,TOR
49,32,0.605,0.0,94.7,90.7,3.34,2013,Indiana Pacers,IND
45,37,0.549,4.5,93.2,92.9,-0.02,2013,Chicago Bulls,CHI
38,44,0.463,11.5,98.9,100.4,-1.83,2013,Milwaukee Bucks,MIL
29,53,0.354,20.5,94.9,98.8,-4.33,2013,Detroit Pistons,DET
24,58,0.293,25.5,96.5,101.2,-4.87,2013,Cleveland Cavaliers,CLE
66,16,0.805,0.0,102.9,95,7.03,2013,Miami Heat,MIA
44,38,0.537,22.0,98,97.5,-0.08,2013,Atlanta Hawks,ATL
29,53,0.354,37.0,93.2,95.8,-2.78,2013,Washington Wizards,WAS
21,61,0.256,45.0,93.4,102.7,-9.29,2013,Charlotte Bobcats,CHA
20,62,0.244,46.0,94.1,101.1,-7.12,2013,Orlando Magic,ORL
60,22,0.732,0.0,105.7,96.5,9.15,2013,Oklahoma City Thunder,OKC
57,25,0.695,3.0,106.1,101.1,5.37,2013,Denver Nuggets,DEN
43,39,0.524,17.0,98,98.1,0.3,2013,Utah Jazz,UTA
33,49,0.402,27.0,97.5,100.7,-2.53,2013,Portland Trail Blazers,POR
31,51,0.378,29.0,95.7,98.1,-1.83,2013,Minnesota Timberwolves,MIN
56,26,0.683,0.0,101.1,94.6,6.43,2013,Los Angeles Clippers,LAC
47,35,0.573,9.0,101.2,100.3,1.32,2013,Golden State Warriors,GSW
45,37,0.549,11.0,102.2,101,1.48,2013,Los Angeles Lakers,LAL
28,54,0.341,28.0,100.2,105.1,-4.26,2013,Sacramento Kings,SAC
25,57,0.305,31.0,95.2,101.6,-5.75,2013,Phoenix Suns,PHX
25,57,0.305,31.0,95.2,101.6,-5.75,2013,Phoenix Suns,PHO
58,24,0.707,0.0,103,96.6,6.67,2013,San Antonio Spurs,SAS
56,26,0.683,2.0,93.4,89.3,4.32,2013,Memphis Grizzlies,MEM
45,37,0.549,13.0,106,102.5,3.69,2013,Houston Rockets,HOU
41,41,0.5,17.0,101.1,101.7,-0.24,2013,Dallas Mavericks,DAL
27,55,0.329,31.0,94.1,97.9,-3.12,2013,New Orleans Hornets,NOH
48,34,0.585,0.0,101.3,98,2.55,2014,Toronto Raptors,TOR
44,38,0.537,4.0,98.5,99.5,-1.58,2014,Brooklyn Nets,BRK
44,38,0.537,4.0,98.5,99.5,-1.58,2014,Brooklyn Nets,BKN
37,45,0.451,11.0,98.6,99.4,-1.4,2014,New York Knicks,NYK
25,57,0.305,23.0,96.2,100.7,-4.97,2014,Boston Celtics,BOS
19,63,0.232,29.0,99.5,109.9,-10.66,2014,Philadelphia 76ers,PHI
56,26,0.683,0.0,96.7,92.3,3.63,2014,Indiana Pacers,IND
48,34,0.585,8.0,93.7,91.8,1.2,2014,Chicago Bulls,CHI
33,49,0.402,23.0,98.2,101.5,-3.86,2014,Cleveland Cavaliers,CLE
29,53,0.354,27.0,101,104.7,-4.13,2014,Detroit Pistons,DET
15,67,0.183,41.0,95.5,103.7,-8.41,2014,Milwaukee Bucks,MIL
54,28,0.659,0.0,102.2,97.4,4.15,2014,Miami Heat,MIA
44,38,0.537,10.0,100.7,99.4,0.48,2014,Washington Wizards,WAS
43,39,0.524,11.0,96.9,97.1,-0.89,2014,Charlotte Bobcats,CHA
38,44,0.463,16.0,101,101.5,-0.88,2014,Atlanta Hawks,ATL
23,59,0.28,31.0,96.5,102,-5.88,2014,Orlando Magic,ORL
59,23,0.72,0.0,106.2,99.8,6.66,2014,Oklahoma City Thunder,OKC
54,28,0.659,5.0,106.7,102.8,4.44,2014,Portland Trail Blazers,POR
40,42,0.488,19.0,106.9,104.3,3.1,2014,Minnesota Timberwolves,MIN
36,46,0.439,23.0,104.4,106.5,-1.4,2014,Denver Nuggets,DEN
25,57,0.305,34.0,95,102.2,-6.27,2014,Utah Jazz,UTA
57,25,0.695,0.0,107.9,101,7.27,2014,Los Angeles Clippers,LAC
51,31,0.622,6.0,104.3,99.5,5.15,2014,Golden State Warriors,GSW
48,34,0.585,9.0,105.2,102.6,3.02,2014,Phoenix Suns,PHX
48,34,0.585,9.0,105.2,102.6,3.02,2014,Phoenix Suns,PHO
28,54,0.341,29.0,100.5,103.4,-2.08,2014,Sacramento Kings,SAC
27,55,0.329,30.0,103,109.2,-5.33,2014,Los Angeles Lakers,LAL
62,20,0.756,0.0,105.4,97.6,8,2014,San Antonio Spurs,SAS
54,28,0.659,8.0,107.7,103.1,5.06,2014,Houston Rockets,HOU
50,32,0.61,12.0,96.1,94.6,2.18,2014,Memphis Grizzlies,MEM
49,33,0.598,13.0,104.8,102.4,2.91,2014,Dallas Mavericks,DAL
34,48,0.415,28.0,99.7,102.4,-1.98,2014,New Orleans Pelicans,NOP
49,33,0.598,0.0,104,100.9,2.45,2015,Toronto Raptors,TOR
40,42,0.488,9.0,101.4,101.2,-0.4,2015,Boston Celtics,BOS
38,44,0.463,11.0,98,100.9,-3.13,2015,Brooklyn Nets,BRK
38,44,0.463,11.0,98,100.9,-3.13,2015,Brooklyn Nets,BKN
18,64,0.22,31.0,92,101,-9.04,2015,Philadelphia 76ers,PHI
17,65,0.207,32.0,91.9,101.2,-9.5,2015,New York Knicks,NYK
53,29,0.646,0.0,103.1,98.7,4.08,2015,Cleveland Cavaliers,CLE
50,32,0.61,3.0,100.8,97.8,2.54,2015,Chicago Bulls,CHI
41,41,0.5,12.0,97.8,97.4,-0.09,2015,Milwaukee Bucks,MIL
38,44,0.463,15.0,97.3,97,-0.23,2015,Indiana Pacers,IND
32,50,0.39,21.0,98.5,99.5,-1.39,2015,Detroit Pistons,DET
60,22,0.732,0.0,102.5,97.1,4.75,2015,Atlanta Hawks,ATL
46,36,0.561,14.0,98.5,97.8,0.17,2015,Washington Wizards,WAS
37,45,0.451,23.0,94.7,97.3,-2.92,2015,Miami Heat,MIA
33,49,0.402,27.0,94.2,97.3,-3.44,2015,Charlotte Hornets,CHH
33,49,0.402,27.0,94.2,97.3,-3.44,2015,Charlotte Hornets,CHO
25,57,0.305,35.0,95.7,101.4,-5.87,2015,Orlando Magic,ORL
51,31,0.622,0.0,102.8,98.6,4.41,2015,Portland Trail Blazers,POR
45,37,0.549,6.0,104,101.8,2.47,2015,Oklahoma City Thunder,OKC
38,44,0.463,13.0,95.1,94.9,0.71,2015,Utah Jazz,UTA
30,52,0.366,21.0,101.5,105,-3.07,2015,Denver Nuggets,DEN
16,66,0.195,35.0,97.8,106.5,-8,2015,Minnesota Timberwolves,MIN
67,15,0.817,0.0,110,99.9,10.01,2015,Golden State Warriors,GSW
56,26,0.683,11.0,106.7,100.1,6.8,2015,Los Angeles Clippers,LAC
39,43,0.476,28.0,102.4,103.3,-0.38,2015,Phoenix Suns,PHX
39,43,0.476,28.0,102.4,103.3,-0.38,2015,Phoenix Suns,PHO
29,53,0.354,38.0,101.3,105,-3.07,2015,Sacramento Kings,SAC
21,61,0.256,46.0,98.5,105.3,-6.17,2015,Los Angeles Lakers,LAL
56,26,0.683,0.0,103.9,100.5,3.82,2015,Houston Rockets,HOU
55,27,0.671,1.0,98.3,95.1,3.62,2015,Memphis Grizzlies,MEM
55,27,0.671,1.0,103.2,97,6.34,2015,San Antonio Spurs,SAS
50,32,0.61,6.0,105.2,102.3,3.36,2015,Dallas Mavericks,DAL
45,37,0.549,11.0,99.4,98.6,1.13,2015,New Orleans Pelicans,NOP
56,26,0.683,0.0,102.7,98.2,4.08,2016,Toronto Raptors,TOR
48,34,0.585,8.0,105.7,102.5,2.84,2016,Boston Celtics,BOS
32,50,0.39,24.0,98.4,101.1,-2.74,2016,New York Knicks,NYK
21,61,0.256,35.0,98.6,106,-7.12,2016,Brooklyn Nets,BRK
21,61,0.256,35.0,98.6,106,-7.12,2016,Brooklyn Nets,BKN
10,72,0.122,46.0,97.4,107.6,-9.92,2016,Philadelphia 76ers,PHI
57,25,0.695,0.0,104.3,98.3,5.45,2016,Cleveland Cavaliers,CLE
45,37,0.549,12.0,102.2,100.5,1.62,2016,Indiana Pacers,IND
44,38,0.537,13.0,102,101.4,0.43,2016,Detroit Pistons,DET
42,40,0.512,15.0,101.6,103.1,-1.46,2016,Chicago Bulls,CHI
33,49,0.402,24.0,99,103.2,-3.98,2016,Milwaukee Bucks,MIL
48,34,0.585,0.0,100,98.4,1.5,2016,Miami Heat,MIA
48,34,0.585,0.0,102.8,99.2,3.49,2016,Atlanta Hawks,ATL
48,34,0.585,0.0,103.4,100.7,2.36,2016,Charlotte Hornets,CHH
48,34,0.585,0.0,103.4,100.7,2.36,2016,Charlotte Hornets,CHO
41,41,0.5,7.0,104.1,104.6,-0.5,2016,Washington Wizards,WAS
35,47,0.427,13.0,102.1,103.7,-1.68,2016,Orlando Magic,ORL
55,27,0.671,0.0,110.2,102.9,7.09,2016,Oklahoma City Thunder,OKC
44,38,0.537,11.0,105.1,104.3,0.98,2016,Portland Trail Blazers,POR
40,42,0.488,15.0,97.7,95.9,1.84,2016,Utah Jazz,UTA
33,49,0.402,22.0,101.9,105,-2.81,2016,Denver Nuggets,DEN
29,53,0.354,26.0,102.4,106,-3.38,2016,Minnesota Timberwolves,MIN
73,9,0.89,0.0,114.9,104.1,10.38,2016,Golden State Warriors,GSW
53,29,0.646,20.0,104.5,100.2,4.13,2016,Los Angeles Clippers,LAC
33,49,0.402,40.0,106.6,109.1,-2.32,2016,Sacramento Kings,SAC
23,59,0.28,50.0,100.9,107.5,-6.32,2016,Phoenix Suns,PHX
23,59,0.28,50.0,100.9,107.5,-6.32,2016,Phoenix Suns,PHO
17,65,0.207,56.0,97.3,106.9,-8.92,2016,Los Angeles Lakers,LAL
67,15,0.817,0.0,103.5,92.9,10.28,2016,San Antonio Spurs,SAS
42,40,0.512,25.0,102.3,102.6,-0.02,2016,Dallas Mavericks,DAL
42,40,0.512,25.0,99.1,101.3,-2.14,2016,Memphis Grizzlies,MEM
41,41,0.5,26.0,106.5,106.4,0.34,2016,Houston Rockets,HOU
30,52,0.366,37.0,102.7,106.5,-3.56,2016,New Orleans Pelicans,NOP
53,29,0.646,0.0,108,105.4,2.25,2017,Boston Celtics,BOS
51,31,0.622,2.0,106.9,102.6,3.65,2017,Toronto Raptors,TOR
31,51,0.378,22.0,104.3,108,-3.87,2017,New York Knicks,NYK
28,54,0.341,25.0,102.4,108.1,-5.83,2017,Philadelphia 76ers,PHI
20,62,0.244,33.0,105.8,112.5,-6.74,2017,Brooklyn Nets,BRK
20,62,0.244,33.0,105.8,112.5,-6.74,2017,Brooklyn Nets,BKN
51,31,0.622,0.0,110.3,107.2,2.87,2017,Cleveland Cavaliers,CLE
42,40,0.512,9.0,103.6,103.8,-0.45,2017,Milwaukee Bucks,MIL
42,40,0.512,9.0,105.1,105.3,-0.64,2017,Indiana Pacers,IND
41,41,0.5,10.0,102.9,102.4,0.03,2017,Chicago Bulls,CHI
37,45,0.451,14.0,101.3,102.5,-1.29,2017,Detroit Pistons,DET
49,33,0.598,0.0,109.2,107.4,1.36,2017,Washington Wizards,WAS
43,39,0.524,6.0,103.2,104,-1.23,2017,Atlanta Hawks,ATL
41,41,0.5,8.0,103.2,102.1,0.77,2017,Miami Heat,MIA
36,46,0.439,13.0,104.9,104.7,-0.07,2017,Charlotte Hornets,CHH
36,46,0.439,13.0,104.9,104.7,-0.07,2017,Charlotte Hornets,CHO
29,53,0.354,20.0,101.1,107.6,-6.61,2017,Orlando Magic,ORL
51,31,0.622,0.0,100.7,96.8,4,2017,Utah Jazz,UTA
47,35,0.573,4.0,106.6,105.8,1.14,2017,Oklahoma City Thunder,OKC
41,41,0.5,10.0,107.9,108.5,-0.23,2017,Portland Trail Blazers,POR
40,42,0.488,11.0,111.7,111.2,0.7,2017,Denver Nuggets,DEN
31,51,0.378,20.0,105.6,106.7,-0.64,2017,Minnesota Timberwolves,MIN
67,15,0.817,0.0,115.9,104.3,11.35,2017,Golden State Warriors,GSW
51,31,0.622,16.0,108.7,104.4,4.42,2017,Los Angeles Clippers,LAC
32,50,0.39,35.0,102.8,106.7,-3.29,2017,Sacramento Kings,SAC
26,56,0.317,41.0,104.6,111.5,-6.29,2017,Los Angeles Lakers,LAL
24,58,0.293,43.0,107.7,113.3,-5.14,2017,Phoenix Suns,PHX
24,58,0.293,43.0,107.7,113.3,-5.14,2017,Phoenix Suns,PHO
61,21,0.744,0.0,105.3,98.1,7.13,2017,San Antonio Spurs,SAS
55,27,0.671,6.0,115.3,109.6,5.84,2017,Houston Rockets,HOU
43,39,0.524,18.0,100.5,100,0.96,2017,Memphis Grizzlies,MEM
34,48,0.415,27.0,104.3,106.4,-1.69,2017,New Orleans Pelicans,NOP
33,49,0.402,28.0,97.9,100.8,-2.53,2017,Dallas Mavericks,DAL
59,23,0.72,0.0,111.7,103.9,7.29,2018,Toronto Raptors,TOR
55,27,0.671,4.0,104,100.4,3.23,2018,Boston Celtics,BOS
52,30,0.634,7.0,109.8,105.3,4.3,2018,Philadelphia 76ers,PHI
29,53,0.354,30.0,104.5,108,-3.53,2018,New York Knicks,NYK
28,54,0.341,31.0,106.6,110.3,-3.67,2018,Brooklyn Nets,BRK
28,54,0.341,31.0,106.6,110.3,-3.67,2018,Brooklyn Nets,BKN
50,32,0.61,0.0,110.9,109.9,0.59,2018,Cleveland Cavaliers,CLE
48,34,0.585,2.0,105.6,104.2,1.18,2018,Indiana Pacers,IND
44,38,0.537,6.0,106.5,106.8,-0.45,2018,Milwaukee Bucks,MIL
39,43,0.476,11.0,103.8,103.9,-0.26,2018,Detroit Pistons,DET
27,55,0.329,23.0,102.9,110,-6.84,2018,Chicago Bulls,CHI
44,38,0.537,0.0,103.4,102.9,0.15,2018,Miami Heat,MIA
43,39,0.524,1.0,106.6,106,0.53,2018,Washington Wizards,WAS
36,46,0.439,8.0,108.2,108,0.07,2018,Charlotte Hornets,CHH
36,46,0.439,8.0,108.2,108,0.07,2018,Charlotte Hornets,CHO
25,57,0.305,19.0,103.4,108.2,-4.92,2018,Orlando Magic,ORL
24,58,0.293,20.0,103.4,108.8,-5.3,2018,Atlanta Hawks,ATL
49,33,0.598,0.0,105.6,103,2.6,2018,Portland Trail Blazers,POR
48,34,0.585,1.0,107.9,104.4,3.42,2018,Oklahoma City Thunder,OKC
48,34,0.585,1.0,104.1,99.8,4.47,2018,Utah Jazz,UTA
47,35,0.573,2.0,109.5,107.3,2.35,2018,Minnesota Timberwolves,MIN
46,36,0.561,3.0,110,108.5,1.57,2018,Denver Nuggets,DEN
58,24,0.707,0.0,113.5,107.5,5.79,2018,Golden State Warriors,GSW
42,40,0.512,16.0,109,109,0.15,2018,Los Angeles Clippers,LAC
35,47,0.427,23.0,108.1,109.6,-1.44,2018,Los Angeles Lakers,LAL
27,55,0.329,31.0,98.8,105.8,-6.6,2018,Sacramento Kings,SAC
21,61,0.256,37.0,103.9,113.3,-8.8,2018,Phoenix Suns,PHX
21,61,0.256,37.0,103.9,113.3,-8.8,2018,Phoenix Suns,PHO
65,17,0.793,0.0,112.4,103.9,8.21,2018,Houston Rockets,HOU
48,34,0.585,17.0,111.7,110.4,1.48,2018,New Orleans Pelicans,NOP
47,35,0.573,18.0,102.7,99.8,2.89,2018,San Antonio Spurs,SAS
24,58,0.293,41.0,102.3,105.4,-2.7,2018,Dallas Mavericks,DAL
22,60,0.268,43.0,99.3,105.5,-5.81,2018,Memphis Grizzlies,MEM
58,24,0.707,0.0,114.4,108.4,5.49,2019,Toronto Raptors,TOR
51,31,0.622,7.0,115.2,112.5,2.25,2019,Philadelphia 76ers,PHI
49,33,0.598,9.0,112.4,108,3.9,2019,Boston Celtics,BOS
42,40,0.512,16.0,112.2,112.3,-0.4,2019,Brooklyn Nets,BRK
42,40,0.512,16.0,112.2,112.3,-0.4,2019,Brooklyn Nets,BKN
17,65,0.207,41.0,104.6,113.8,-8.93,2019,New York Knicks,NYK
60,22,0.732,0.0,118.1,109.3,8.04,2019,Milwaukee Bucks,MIL
48,34,0.585,12.0,108,104.7,2.76,2019,Indiana Pacers,IND
41,41,0.5,19.0,107,107.3,-0.56,2019,Detroit Pistons,DET
22,60,0.268,38.0,104.9,113.4,-8.32,2019,Chicago Bulls,CHI
19,63,0.232,41.0,104.5,114.1,-9.39,2019,Cleveland Cavaliers,CLE
42,40,0.512,0.0,107.3,106.6,0.28,2019,Orlando Magic,ORL
39,43,0.476,3.0,110.7,111.8,-1.32,2019,Charlotte Hornets,CHH
39,43,0.476,3.0,110.7,111.8,-1.32,2019,Charlotte Hornets,CHO
39,43,0.476,3.0,105.7,105.9,-0.45,2019,Miami Heat,MIA
32,50,0.39,10.0,114,116.9,-3.3,2019,Washington Wizards,WAS
29,53,0.354,13.0,113.3,119.4,-6.06,2019,Atlanta Hawks,ATL
54,28,0.659,0.0,110.7,106.7,4.19,2019,Denver Nuggets,DEN
53,29,0.646,1.0,114.7,110.5,4.43,2019,Portland Trail Blazers,POR
50,32,0.61,4.0,111.7,106.5,5.28,2019,Utah Jazz,UTA
49,33,0.598,5.0,114.5,111.1,3.56,2019,Oklahoma City Thunder,OKC
36,46,0.439,18.0,112.5,114,-1.02,2019,Minnesota Timberwolves,MIN
57,25,0.695,0.0,117.7,111.2,6.42,2019,Golden State Warriors,GSW
48,34,0.585,9.0,115.1,114.3,1.09,2019,Los Angeles Clippers,LAC
39,43,0.476,18.0,114.2,115.3,-0.81,2019,Sacramento Kings,SAC
37,45,0.451,20.0,111.8,113.5,-1.33,2019,Los Angeles Lakers,LAL
19,63,0.232,38.0,107.5,116.8,-8.61,2019,Phoenix Suns,PHX
19,63,0.232,38.0,107.5,116.8,-8.61,2019,Phoenix Suns,PHO
53,29,0.646,0.0,113.9,109.1,4.96,2019,Houston Rockets,HOU
48,34,0.585,5.0,111.7,110,1.8,2019,San Antonio Spurs,SAS
33,49,0.402,20.0,103.5,106.1,-2.08,2019,Memphis Grizzlies,MEM
33,49,0.402,20.0,115.4,116.8,-1.1,2019,New Orleans Pelicans,NOP
33,49,0.402,20.0,108.9,110.1,-0.87,2019,Dallas Mavericks,DAL
53,19,0.736,0.0,112.8,106.5,5.97,2020,Toronto Raptors,TOR
48,24,0.667,5.0,113.7,107.3,5.83,2020,Boston Celtics,BOS
43,30,0.589,10.5,110.7,108.4,2.25,2020,Philadelphia 76ers,PHI
35,37,0.486,18.0,111.8,112.3,-1.01,2020,Brooklyn Nets,BRK
35,37,0.486,18.0,111.8,112.3,-1.01,2020,Brooklyn Nets,BKN
21,45,0.318,29.0,105.8,112.3,-6.72,2020,New York Knicks,NYK
56,17,0.767,0.0,118.7,108.6,9.41,2020,Milwaukee Bucks,MIL
45,28,0.616,11.0,109.4,107.5,1.63,2020,Indiana Pacers,IND
22,43,0.338,30.0,106.8,109.9,-4,2020,Chicago Bulls,CHI
20,46,0.303,32.5,107.2,110.8,-4.38,2020,Detroit Pistons,DET
19,46,0.292,33.0,106.9,114.8,-7.77,2020,Cleveland Cavaliers,CLE
44,29,0.603,0.0,112,109.1,2.59,2020,Miami Heat,MIA
33,40,0.452,11.0,107.3,108.3,-0.93,2020,Orlando Magic,ORL
23,42,0.354,17.0,102.9,109.6,-7.03,2020,Charlotte Hornets,CHH
23,42,0.354,17.0,102.9,109.6,-7.03,2020,Charlotte Hornets,CHO
25,47,0.347,18.5,114.4,119.1,-5.24,2020,Washington Wizards,WAS
20,47,0.299,21.0,111.8,119.7,-7.71,2020,Atlanta Hawks,ATL
46,27,0.63,0.0,111.3,109.2,2.35,2020,Denver Nuggets,DEN
44,28,0.611,1.5,110.4,108.4,2.33,2020,Oklahoma City Thunder,OKC
44,28,0.611,1.5,111.3,108.8,2.52,2020,Utah Jazz,UTA
35,39,0.473,11.5,115,116.1,-0.61,2020,Portland Trail Blazers,POR
19,45,0.297,22.5,113.3,117.5,-4.02,2020,Minnesota Timberwolves,MIN
52,19,0.732,0.0,113.4,107.6,6.28,2020,Los Angeles Lakers,LAL
49,23,0.681,3.5,116.3,109.9,6.66,2020,Los Angeles Clippers,LAC
34,39,0.466,19.0,113.6,113.4,0.56,2020,Phoenix Suns,PHX
34,39,0.466,19.0,113.6,113.4,0.56,2020,Phoenix Suns,PHO
31,41,0.431,21.5,110.1,112.1,-1.59,2020,Sacramento Kings,SAC
15,50,0.231,34.0,106.3,115,-8.12,2020,Golden State Warriors,GSW
44,28,0.611,0.0,117.8,114.8,3.13,2020,Houston Rockets,HOU
43,32,0.573,2.5,117,112.1,4.87,2020,Dallas Mavericks,DAL
34,39,0.466,10.5,112.6,113.7,-0.91,2020,Memphis Grizzlies,MEM
32,39,0.451,11.5,114.1,115.2,-0.65,2020,San Antonio Spurs,SAS
30,42,0.417,14.0,115.8,117.1,-0.55,2020,New Orleans Pelicans,NOP
49,23,0.681,0.0,113.6,108.1,5.28,2021,Philadelphia 76ers,PHI
48,24,0.667,1.0,118.6,114.1,4.24,2021,Brooklyn Nets,BRK
48,24,0.667,1.0,118.6,114.1,4.24,2021,Brooklyn Nets,BKN
41,31,0.569,8.0,107,104.7,2.13,2021,New York Knicks,NYK
36,36,0.5,13.0,112.6,111.2,1.32,2021,Boston Celtics,BOS
27,45,0.375,22.0,111.3,111.7,-0.54,2021,Toronto Raptors,TOR
46,26,0.639,0.0,120.1,114.2,5.57,2021,Milwaukee Bucks,MIL
34,38,0.472,12.0,115.3,115.3,-0.13,2021,Indiana Pacers,IND
31,41,0.431,15.0,110.7,111.6,-0.94,2021,Chicago Bulls,CHI
22,50,0.306,24.0,103.8,112.3,-8.19,2021,Cleveland Cavaliers,CLE
20,52,0.278,26.0,106.6,111.1,-4.38,2021,Detroit Pistons,DET
41,31,0.569,0.0,113.7,111.4,2.14,2021,Atlanta Hawks,ATL
40,32,0.556,1.0,108.1,108,-0.06,2021,Miami Heat,MIA
34,38,0.472,7.0,116.6,118.5,-1.85,2021,Washington Wizards,WAS
33,39,0.458,8.0,109.5,111.4,-1.94,2021,Charlotte Hornets,CHH
33,39,0.458,8.0,109.5,111.4,-1.94,2021,Charlotte Hornets,CHO
21,51,0.292,20.0,104,113.3,-9.02,2021,Orlando Magic,ORL
52,20,0.722,0.0,116.4,107.2,8.97,2021,Utah Jazz,UTA
47,25,0.653,5.0,115.1,110.1,4.82,2021,Denver Nuggets,DEN
42,30,0.583,10.0,116.1,114.3,1.81,2021,Portland Trail Blazers,POR
23,49,0.319,29.0,112.1,117.7,-5.25,2021,Minnesota Timberwolves,MIN
22,50,0.306,30.0,105,115.6,-10.13,2021,Oklahoma City Thunder,OKC
51,21,0.708,0.0,115.3,109.5,5.67,2021,Phoenix Suns,PHX
51,21,0.708,0.0,115.3,109.5,5.67,2021,Phoenix Suns,PHO
47,25,0.653,4.0,114,107.8,6.02,2021,Los Angeles Clippers,LAC
42,30,0.583,9.0,109.5,106.8,2.77,2021,Los Angeles Lakers,LAL
39,33,0.542,12.0,113.7,112.7,1.1,2021,Golden State Warriors,GSW
31,41,0.431,20.0,113.7,117.4,-3.45,2021,Sacramento Kings,SAC
42,30,0.583,0.0,112.4,110.2,2.26,2021,Dallas Mavericks,DAL
38,34,0.528,4.0,113.3,112.3,1.07,2021,Memphis Grizzlies,MEM
33,39,0.458,9.0,111.1,112.8,-1.58,2021,San Antonio Spurs,SAS
31,41,0.431,11.0,114.6,114.9,-0.2,2021,New Orleans Pelicans,NOP
17,55,0.236,25.0,108.8,116.7,-7.5,2021,Houston Rockets,HOU
